{"ELBO":{"0":null,"1":null,"2":null,"3":null,"4":null,"5":null,"6":75416.8922378243,"7":40059.6508131327,"8":90443.5118390198,"9":57647.2376359299,"10":80488.200048586,"11":96569.9010126591,"12":106683.0388412252,"13":106554.2883681282,"14":107140.2006367445,"15":112393.8792556354,"16":104939.0678491592,"17":108519.0998513512,"18":107007.3938951325,"19":107563.5040202141,"20":107645.2523422539,"21":103289.785097152,"22":104925.0345106274,"23":105830.184089724,"24":111835.1121145785,"25":109083.2287631631,"26":114878.0834819824,"27":111120.3929902092,"28":97740.769961834,"29":107438.3110056221,"30":103732.8182004094,"31":108908.9047790766,"32":108080.8463837877,"33":115153.0805924535,"34":110901.8565685935,"35":119752.6361139566,"36":113855.1796924492,"37":115864.0481263921,"38":110902.5739068016,"39":117065.07776016,"40":110971.081110701,"41":118122.9923237413,"42":116395.9559069425,"43":98926.185951069,"44":97811.5922618993,"45":110391.2256650329,"46":114937.6505053043,"47":119086.4231065437,"48":112754.1186455004,"49":113691.7721629962,"50":115356.5116546117,"51":99523.1816616058,"52":109376.0198924318,"53":103615.0721879676,"54":98868.6800783798,"55":114539.5891792299,"56":105506.2289490104,"57":118427.5431571389,"58":115491.0435481817,"59":117000.2603606395,"60":108427.5250031501,"61":114756.9266534857,"62":105236.3379232958,"63":113072.8077197373,"64":110401.8204471171,"65":116262.6639389787,"66":105301.1005989648},"MSE":{"0":0.0049372872,"1":0.0052076633,"2":0.0050917479,"3":0.0052826846,"4":0.0053338573,"5":0.0053913601,"6":0.0013037865,"7":0.0013566885,"8":0.0012897167,"9":0.0013191095,"10":0.0012913812,"11":0.0144700779,"12":0.0097220887,"13":0.0190288631,"14":0.0049935534,"15":0.0143690511,"16":0.0060016837,"17":0.014086708,"18":0.0095479507,"19":0.0130822641,"20":0.0098784152,"21":0.0095218663,"22":0.0176949393,"23":0.0121791752,"24":0.0074086879,"25":0.0108903652,"26":0.0032546414,"27":0.006535456,"28":0.0188105015,"29":0.0063356082,"30":0.0035630678,"31":0.0040140626,"32":0.0182839877,"33":0.0029250204,"34":0.0058595894,"35":0.0026565474,"36":0.0041384149,"37":0.0023631029,"38":0.0014947009,"39":0.0041084021,"40":0.0057410948,"41":0.0068768636,"42":0.003223284,"43":0.006595187,"44":0.0087385485,"45":0.0055754495,"46":0.0026950661,"47":0.0015341158,"48":0.0046731581,"49":0.0032804554,"50":0.0013539077,"51":0.0026179121,"52":0.0035175465,"53":0.0113366369,"54":0.0112324536,"55":0.0029307747,"56":0.0149945027,"57":0.0016465965,"58":0.0032722185,"59":0.0030727127,"60":0.0030797305,"61":0.005329419,"62":0.0054678954,"63":0.0044224942,"64":0.0105484343,"65":0.0018274573,"66":0.0114325099},"WRAP_DYN":{"0":0.1741719685,"1":0.1738296493,"2":0.1731603115,"3":0.174104946,"4":0.1740117063,"5":0.1760079511,"6":0.1001708648,"7":0.1053908927,"8":0.0986077532,"9":0.1016823755,"10":0.09882865,"11":0.63463369,"12":0.477050721,"13":0.5655519649,"14":0.3269539209,"15":0.7577800163,"16":0.2818583056,"17":0.448275672,"18":0.4378646521,"19":0.7239542568,"20":0.3967438624,"21":0.5901943004,"22":0.5851229758,"23":0.3769091062,"24":0.3990534003,"25":0.3780056971,"26":0.2430326293,"27":0.3363634777,"28":0.5649339181,"29":0.3878973843,"30":0.2075705274,"31":0.2339447107,"32":0.6137508252,"33":0.2311920975,"34":0.3079166681,"35":0.1720767982,"36":0.3003262932,"37":0.1665584405,"38":0.1114123107,"39":0.3371675109,"40":0.3223233435,"41":0.4642867715,"42":0.2220813834,"43":0.3270107078,"44":0.5800275979,"45":0.3387363745,"46":0.2191655169,"47":0.1216962285,"48":0.2276579759,"49":0.1950391904,"50":0.1169801047,"51":0.1958363782,"52":0.2766125996,"53":0.679260648,"54":0.5250325811,"55":0.1904057119,"56":0.4614260455,"57":0.1246292441,"58":0.1612740233,"59":0.2057205167,"60":0.2599413298,"61":0.2529529355,"62":0.3156417844,"63":0.2604901177,"64":0.5298488485,"65":0.1490686078,"66":0.6360032814},"WRAP_PATH":{"0":0.0015264365,"1":0.0015223715,"2":0.0015149942,"3":0.0015253694,"4":0.0015242531,"5":0.0015465087,"6":0.001022177,"7":0.0010788288,"8":0.0010052049,"9":0.001038852,"10":0.0010076195,"11":0.0053089936,"12":0.0040692691,"13":0.0048641752,"14":0.0033613323,"15":0.0060825197,"16":0.0026517245,"17":0.0036688088,"18":0.0038181796,"19":0.0063886062,"20":0.0034569587,"21":0.0050896616,"22":0.0048428447,"23":0.0032183562,"24":0.0035615711,"25":0.0031952427,"26":0.0024018394,"27":0.0032547797,"28":0.0042811687,"29":0.0040115802,"30":0.0020372263,"31":0.0021145448,"32":0.0050151217,"33":0.0023425391,"34":0.0031220414,"35":0.0016101465,"36":0.0031089362,"37":0.0016507612,"38":0.0011403629,"39":0.0032690069,"40":0.0032411958,"41":0.0039353514,"42":0.0020334167,"43":0.0032493537,"44":0.0057415282,"45":0.0034014424,"46":0.0022679754,"47":0.0012309157,"48":0.0021509939,"49":0.0019080061,"50":0.0012105441,"51":0.0019537201,"52":0.0028792667,"53":0.0060820647,"54":0.0043795612,"55":0.0017950222,"56":0.0039370384,"57":0.0012723486,"58":0.0015390517,"59":0.0018778099,"60":0.0027194112,"61":0.0021021672,"62":0.0030854196,"63":0.0025961328,"64":0.0042108017,"65":0.0014645803,"66":0.0053685771},"dataset":{"0":"walking","1":"walking","2":"walking","3":"walking","4":"walking","5":"walking","6":"walking","7":"walking","8":"walking","9":"walking","10":"walking","11":"walking","12":"walking","13":"walking","14":"walking","15":"walking","16":"walking","17":"walking","18":"walking","19":"walking","20":"walking","21":"walking","22":"walking","23":"walking","24":"walking","25":"walking","26":"walking","27":"walking","28":"walking","29":"walking","30":"walking","31":"walking","32":"walking","33":"walking","34":"walking","35":"walking","36":"walking","37":"walking","38":"walking","39":"walking","40":"walking","41":"walking","42":"walking","43":"walking","44":"walking","45":"walking","46":"walking","47":"walking","48":"walking","49":"walking","50":"walking","51":"walking","52":"walking","53":"walking","54":"walking","55":"walking","56":"walking","57":"walking","58":"walking","59":"walking","60":"walking","61":"walking","62":"walking","63":"walking","64":"walking","65":"walking","66":"walking"},"dyn":{"0":null,"1":null,"2":null,"3":null,"4":null,"5":null,"6":null,"7":null,"8":null,"9":null,"10":null,"11":25,"12":23,"13":22,"14":24,"15":25,"16":26,"17":24,"18":22,"19":25,"20":24,"21":22,"22":22,"23":22,"24":25,"25":23,"26":25,"27":22,"28":23,"29":27,"30":27,"31":25,"32":27,"33":28,"34":28,"35":28,"36":26,"37":26,"38":24,"39":28,"40":28,"41":22,"42":23,"43":25,"44":26,"45":23,"46":23,"47":22,"48":24,"49":26,"50":27,"51":24,"52":27,"53":28,"54":26,"55":28,"56":23,"57":26,"58":24,"59":27,"60":25,"61":25,"62":27,"63":26,"64":28,"65":22,"66":23},"dyn_elbo":{"0":null,"1":null,"2":null,"3":null,"4":null,"5":null,"6":null,"7":null,"8":null,"9":null,"10":null,"11":-4484.9222434383,"12":-2064.6482587133,"13":-3556.8349752467,"14":-3637.2324152103,"15":-2498.9040986335,"16":-1654.4932438599,"17":-2673.6088271536,"18":-2961.3411609345,"19":-4802.713014595,"20":-2239.3947490314,"21":-2312.8305923276,"22":-4737.9960282258,"23":-1736.7292891366,"24":-2092.6268637409,"25":-2031.9514006003,"26":-3225.3157174723,"27":-7592.7230876798,"28":-6113.5139390404,"29":-4798.8050331783,"30":-4541.7992043216,"31":-3917.6872263112,"32":-5415.6282585195,"33":-3660.5759609016,"34":-2354.0728948426,"35":-3400.536519907,"36":-1717.0421381114,"37":-3388.0026856571,"38":-2719.4655618426,"39":-3232.2930849451,"40":-1990.6697851933,"41":-3314.1741070387,"42":-3567.4228390619,"43":-4707.476294627,"44":-5804.3805672247,"45":-6890.1147658344,"46":-4634.1998817678,"47":-2820.2778230303,"48":-2780.9707318053,"49":-5403.3517020613,"50":-2606.9931744755,"51":-3101.1060738473,"52":-1789.1942603793,"53":-4334.8272339989,"54":-5007.1363120131,"55":-2483.3889887465,"56":-2555.6604097242,"57":-2930.2187912522,"58":-2789.3895148698,"59":-5502.1143904694,"60":-2168.2426002189,"61":-2969.9443553686,"62":-1709.0619600268,"63":-6869.138672687,"64":-1786.6552734216,"65":-2878.3795588765,"66":-1713.8959394983},"elbo":{"0":null,"1":null,"2":null,"3":null,